"","X","Old_id","id","rownames","Geography","Metro","HabitatSuitability","GDP_capita","mosquito.abundance","MF","R0","R0_round","MetroR0","metro_round"
"1",1,1,1,1,"Anderson County, Texas",NA,0.001541406,31815,0.305854926,0.161610787,0.635835215,0.6,0.635835215,0.6
"2",2,2,2,3,"Andrews County, Texas",NA,0.002407934,54928,0.025585424,0.134715135,0.044337149,0,0.044337149,0
"3",3,3,3,5,"Angelina County, Texas",NA,0.00234951,37132,0.362231294,0.153496404,0.715225397,0.7,0.715225397,0.7
"4",4,4,4,7,"Aransas County, Texas",7,0.006138357,43292,0.363286654,0.145840598,0.681532599,0.7,0.769282374100747,0.8
"5",5,5,5,9,"Archer County, Texas",NA,0.000523685,52139,0.086633584,0.137075579,0.152758408,0.2,0.152758408,0.2
"6",6,6,6,11,"Armstrong County, Texas",13,0.000604133,43290,0.085704897,0.145842844,0.160786476,0.2,0.142116543253443,0.1
"7",7,7,7,13,"Atascosa County, Texas",3,0.001626358,37172,0.557499472,0.153441326,1.100387271,1.1,1.01306410485482,1
"8",8,8,8,15,"Austin County, Texas",2,0.000953931,46741,0.325009262,0.142161388,0.594341621,0.6,0.810191659406406,0.8
"9",9,9,9,17,"Bailey County, Texas",NA,0.000643462,44960,0.047416399,0.144014278,0.087840111,0.1,0.087840111,0.1
"10",10,10,10,19,"Bandera County, Texas",3,0.0009233,40868,0.484738849,0.148668808,0.927014313,0.9,1.01306410485482,1
"11",11,11,11,21,"Bastrop County, Texas",4,0.001385631,30383,0.500289186,0.164110903,1.056129819,1.1,0.875387976895515,0.9
"12",12,12,12,23,"Baylor County, Texas",NA,0.000532479,41473,0.086113398,0.147942347,0.163878501,0.2,0.163878501,0.2
"13",13,13,13,25,"Bee County, Texas",NA,0.001613139,29203,0.711934881,0.166292182,1.522898139,1.5,1.522898139,1.5
"14",14,14,14,27,"Bell County, Texas",9,0.006878237,40007,0.428379332,0.149727759,0.825067704,0.8,0.956456935874137,1
"15",15,15,15,29,"Bexar County, Texas",3,0.057462152,40857,0.539551026,0.148682149,1.031929683,1,1.01306410485482,1
"16",16,16,16,31,"Blanco County, Texas",NA,0.000707144,57949,0.402441953,0.132332242,0.685058522,0.7,0.685058522,0.7
"17",17,17,17,33,"Borden County, Texas",NA,0.001166149,48928,0.04246367,0.140010895,0.07647828,0.1,0.07647828,0.1
"18",18,18,18,35,"Bosque County, Texas",NA,0.000761924,38229,0.461430748,0.152013914,0.902295155,0.9,0.902295155,0.9
"19",19,19,19,37,"Bowie County, Texas",NA,0.001636637,35795,0.183954325,0.155384203,0.367684753,0.4,0.367684753,0.4
"20",20,20,20,39,"Brazoria County, Texas",2,0.017973441,42519,0.63354877,0.146719095,1.195708854,1.2,0.810191659406406,0.8
"21",21,21,21,41,"Brazos County, Texas",15,0.006519324,32740,0.253278995,0.160074233,0.521530073,0.5,0.533366537453247,0.5
"22",22,22,22,43,"Brewster County, Texas",NA,0.007500705,40576,0.036725191,0.149024581,0.070401308,0.1,0.070401308,0.1
"23",23,23,23,45,"Briscoe County, Texas",NA,0.00063913,41914,0.079253261,0.147421656,0.150292455,0.2,0.150292455,0.2
"24",24,24,24,47,"Brooks County, Texas",NA,0.001949186,36606,0.290535284,0.154228119,0.576396318,0.6,0.576396318,0.6
"25",25,25,25,49,"Brown County, Texas",NA,0.000879218,32743,0.365503297,0.160069344,0.752589607,0.8,0.752589607,0.8
"26",26,26,26,51,"Burleson County, Texas",15,0.001220673,40097,0.261711533,0.149615651,0.503684564,0.5,0.533366537453247,0.5
"27",27,27,27,53,"Burnet County, Texas",NA,0.001145717,43688,0.305461772,0.145398614,0.571315341,0.6,0.571315341,0.6
"28",28,28,28,55,"Caldwell County, Texas",4,0.001012972,29283,0.480487817,0.166140609,1.026873465,1,0.875387976895515,0.9
"29",29,29,29,57,"Calhoun County, Texas",NA,0.004614758,39013,0.28931395,0.150988732,0.56191764,0.6,0.56191764,0.6
"30",30,30,30,59,"Callahan County, Texas",NA,0.000817621,36138,0.192605273,0.154891035,0.383754259,0.4,0.383754259,0.4
"31",31,31,31,61,"Cameron County, Texas",8,0.063882543,25211,0.231792014,0.174642912,0.520724708,0.5,0.523073871942837,0.5
"32",32,32,32,63,"Camp County, Texas",NA,0.000141191,35936,0.486697592,0.155180713,0.971528831,1,0.971528831,1
"33",33,33,33,65,"Carson County, Texas",13,0.000665157,44901,0.072895991,0.144077329,0.135100839,0.1,0.142116543253443,0.1
"34",34,34,34,67,"Cass County, Texas",NA,0.000750231,33870,0.32021315,0.158273882,0.651939314,0.7,0.651939314,0.7
"35",35,35,35,69,"Castro County, Texas",NA,0.000446548,52974,0.063892151,0.136351545,0.112064054,0.1,0.112064054,0.1
"36",36,36,36,71,"Chambers County, Texas",2,0.005250411,46986,0.409860536,0.141913865,0.748203415,0.7,0.810191659406406,0.8
"37",37,37,37,73,"Cherokee County, Texas",NA,0.001461792,32422,0.277943809,0.160595875,0.574182755,0.6,0.574182755,0.6
"38",38,38,38,75,"Childress County, Texas",NA,0.000640566,25621,0.070175822,0.173706323,0.156805716,0.2,0.156805716,0.2
"39",39,39,39,77,"Clay County, Texas",NA,0.000513079,49808,0.074030948,0.139181427,0.132541948,0.1,0.132541948,0.1
"40",40,40,40,79,"Cochran County, Texas",NA,0.000596571,45610,0.040611441,0.143326874,0.074874646,0.1,0.074874646,0.1
"41",41,41,41,81,"Coke County, Texas",NA,0.000830093,33588,0.049724043,0.158715596,0.101518407,0.1,0.101518407,0.1
"42",42,42,42,83,"Coleman County, Texas",NA,0.001019025,35709,0.250785035,0.155508843,0.501666917,0.5,0.501666917,0.5
"43",43,43,43,85,"Collin County, Texas",1,0.007530037,59146,0.217904416,0.131433436,0.368409352,0.4,0.484432655865983,0.5
"44",44,44,44,87,"Collingsworth County, Texas",NA,0.000617612,37409,0.063483545,0.153116604,0.125038055,0.1,0.125038055,0.1
"45",45,45,45,89,"Colorado County, Texas",NA,0.001922354,45389,0.339149514,0.143559118,0.626297582,0.6,0.626297582,0.6
"46",46,46,46,91,"Comal County, Texas",3,0.003461457,49626,0.495999807,0.139351366,0.889101803,0.9,1.01306410485482,1
"47",47,47,47,93,"Comanche County, Texas",NA,0.000654592,39449,0.359975427,0.150430415,0.696574005,0.7,0.696574005,0.7
"48",48,48,48,95,"Concho County, Texas",NA,0.000768168,23920,0.291552876,0.17772994,0.666556056,0.7,0.666556056,0.7
"49",49,49,49,97,"Cooke County, Texas",NA,0.000756981,56631,0.200147463,0.13335099,0.343324729,0.3,0.343324729,0.3
"50",50,50,50,99,"Coryell County, Texas",9,0.002637268,32678,0.426293317,0.160175405,0.878340905,0.9,0.956456935874137,1
"51",51,51,51,101,"Cottle County, Texas",NA,0.000728918,56269,0.05914789,0.133636345,0.101676971,0.1,0.101676971,0.1
"52",52,52,52,103,"Crane County, Texas",NA,0.001113121,45308,0.025995992,0.143644617,0.048034636,0,0.048034636,0
"53",53,53,53,105,"Crockett County, Texas",NA,0.003178201,41534,0.20018804,0.147869885,0.380782179,0.4,0.380782179,0.4
"54",54,54,54,107,"Crosby County, Texas",11,0.00097876,33250,0.086611124,0.159251588,0.177425566,0.2,0.156538936847987,0.2
"55",55,55,55,109,"Culberson County, Texas",NA,0.007096308,36353,0.020046825,0.154585078,0.039863178,0,0.039863178,0
"56",56,56,56,111,"Dallam County, Texas",NA,0.000981029,60007,0.015867861,0.130801788,0.026698743,0,0.026698743,0
"57",57,57,57,113,"Dallas County, Texas",1,0.032078921,52406,0.27381149,0.13684239,0.48198228,0.5,0.484432655865983,0.5
"58",58,58,58,115,"Dawson County, Texas",NA,0.001207113,33539,0.042040172,0.158792853,0.085872516,0.1,0.085872516,0.1
"59",59,59,59,117,"Deaf Smith County, Texas",NA,0.001039749,40652,0.050495872,0.148931655,0.096739011,0.1,0.096739011,0.1
"60",60,60,60,119,"Delta County, Texas",NA,0.00014202,35889,0.162778057,0.155248424,0.325073685,0.3,0.325073685,0.3
"61",61,61,61,121,"Denton County, Texas",1,0.005911698,46987,0.294980279,0.141912859,0.538484843,0.5,0.484432655865983,0.5
"62",62,62,62,123,"DeWitt County, Texas",NA,0.001339379,47470,0.487246099,0.141429903,0.886438004,0.9,0.886438004,0.9
"63",63,63,63,125,"Dickens County, Texas",NA,0.00073976,29421,0.07225553,0.165880439,0.154178928,0.2,0.154178928,0.2
"64",64,64,64,127,"Dimmit County, Texas",NA,0.002717417,48078,0.482194371,0.140831192,0.873533864,0.9,0.873533864,0.9
"65",65,65,65,129,"Donley County, Texas",NA,0.00060053,39130,0.068020649,0.150838095,0.131980741,0.1,0.131980741,0.1
"66",66,66,66,131,"Duval County, Texas",NA,0.002751112,39800,0.5051746,0.149986889,0.974660927,1,0.974660927,1
"67",67,67,67,133,"Eastland County, Texas",NA,0.000627366,68513,0.285070767,0.125147831,0.458917652,0.5,0.458917652,0.5
"68",68,68,68,135,"Ector County, Texas",NA,0.003134741,47069,0.0909088,0.141830401,0.165857077,0.2,0.165857077,0.2
"69",69,69,69,137,"Edwards County, Texas",NA,0.001866429,39359,0.226940979,0.150544988,0.43947885,0.4,0.43947885,0.4
"70",70,70,71,139,"El Paso County, Texas",5,0.028126543,31816,0.216841676,0.161609094,0.450782765,0.5,0.242095565807525,0.2
"71",71,71,70,141,"Ellis County, Texas",1,0.002149467,37322,0.007131382,0.153235486,0.014056973,0,0.484432655865983,0.5
"72",72,72,72,143,"Erath County, Texas",NA,0.001053184,32150,0.250222267,0.161047503,0.518368619,0.5,0.518368619,0.5
"73",73,73,73,145,"Falls County, Texas",14,0.001018401,33517,0.568346011,0.158827588,1.161174554,1.2,0.980772878725187,1
"74",74,74,74,147,"Fannin County, Texas",NA,0.000568578,33958,0.135523897,0.158137045,0.2756819,0.3,0.2756819,0.3
"75",75,75,75,149,"Fayette County, Texas",NA,0.001463928,47200,0.449949821,0.141699066,0.820143457,0.8,0.820143457,0.8
"76",76,76,76,151,"Fisher County, Texas",NA,0.000995777,42920,0.065413633,0.146260734,0.123070729,0.1,0.123070729,0.1
"77",77,77,77,153,"Floyd County, Texas",NA,0.000907879,40591,0.065255184,0.149006222,0.125077207,0.1,0.125077207,0.1
"78",78,78,78,155,"Foard County, Texas",NA,0.000475362,40967,0.059101434,0.148548955,0.112934432,0.1,0.112934432,0.1
"79",79,79,79,157,"Fort Bend County, Texas",2,0.019421937,54753,0.593434869,0.134858507,1.029461623,1,0.810191659406406,0.8
"80",80,80,80,159,"Franklin County, Texas",NA,0.000172459,38688,0.179858489,0.151410349,0.350304128,0.4,0.350304128,0.4
"81",81,81,81,161,"Freestone County, Texas",NA,0.000953638,36255,0.281471836,0.154724237,0.560211539,0.6,0.560211539,0.6
"82",82,82,82,163,"Frio County, Texas",NA,0.001487589,35084,0.547065414,0.156426845,1.100802225,1.1,1.100802225,1.1
"83",83,83,83,165,"Gaines County, Texas",NA,0.001905811,36333,0.026189679,0.154613437,0.052087818,0.1,0.052087818,0.1
"84",84,84,84,167,"Galveston County, Texas",2,0.022072341,46917,0.429717386,0.141983401,0.784836612,0.8,0.810191659406406,0.8
"85",85,85,85,169,"Garza County, Texas",NA,0.00100684,69782,0.077690395,0.124384572,0.124306145,0.1,0.124306145,0.1
"86",86,86,86,171,"Gillespie County, Texas",NA,0.000938924,51224,0.319399033,0.137886948,0.566520341,0.6,0.566520341,0.6
"87",87,87,87,173,"Glasscock County, Texas",NA,0.000966597,65970,0.032853747,0.126735659,0.053560237,0.1,0.053560237,0.1
"88",88,88,88,175,"Goliad County, Texas",NA,0.001403226,40243,0.844722572,0.149434499,1.623767047,1.6,1.623767047,1.6
"89",89,89,89,177,"Gonzales County, Texas",NA,0.00128916,41629,0.485041737,0.147757316,0.92190646,0.9,0.92190646,0.9
"90",90,90,90,179,"Gray County, Texas",NA,0.000806899,47461,0.089316883,0.141438842,0.162502858,0.2,0.162502858,0.2
"91",91,91,91,181,"Grayson County, Texas",NA,0.001869312,37034,0.123531858,0.15363168,0.244128513,0.2,0.244128513,0.2
"92",92,92,92,183,"Gregg County, Texas",NA,0.001958094,49913,0.231934278,0.139083762,0.414954158,0.4,0.414954158,0.4
"93",93,93,93,185,"Grimes County, Texas",NA,0.001259409,34996,0.264536417,0.156557851,0.532744619,0.5,0.532744619,0.5
"94",94,94,94,187,"Guadalupe County, Texas",3,0.003679282,38439,0.683651935,0.151736581,1.334394042,1.3,1.01306410485482,1
"95",95,95,95,189,"Hale County, Texas",NA,0.001279643,31143,0.052976861,0.162764931,0.110918966,0.1,0.110918966,0.1
"96",96,96,96,191,"Hall County, Texas",NA,0.000707109,36054,0.096680671,0.155011232,0.192779823,0.2,0.192779823,0.2
"97",97,97,97,193,"Hamilton County, Texas",NA,0.000592627,50220,0.446069236,0.138799771,0.796433972,0.8,0.796433972,0.8
"98",98,98,98,195,"Hansford County, Texas",NA,0.000496353,75035,0.011893181,0.121411463,0.018574472,0,0.018574472,0
"99",99,99,99,197,"Hardeman County, Texas",NA,0.000496586,37222,0.07575937,0.15337259,0.149466154,0.1,0.149466154,0.1
"100",100,100,100,199,"Hardin County, Texas",10,0.002555826,43262,0.40719045,0.145874301,0.764073481,0.8,0.518613421595532,0.5
"101",101,101,101,201,"Harris County, Texas",2,0.173769426,56896,0.414463692,0.133143635,0.709848475,0.7,0.810191659406406,0.8
"102",102,102,102,203,"Harrison County, Texas",NA,0.00161345,43297,0.167267836,0.145834984,0.313785528,0.3,0.313785528,0.3
"103",103,103,103,205,"Hartley County, Texas",NA,0.000942886,53573,0.027565058,0.135841457,0.048167044,0,0.048167044,0
"104",104,104,104,207,"Haskell County, Texas",NA,0.00090125,36268,0.0535898,0.154705749,0.10664668,0.1,0.10664668,0.1
"105",105,105,105,209,"Hays County, Texas",4,0.002383271,34959,0.479470553,0.156613064,0.965936729,1,0.875387976895515,0.9
"106",106,106,106,211,"Hemphill County, Texas",NA,0.000468366,74072,0.044733824,0.12193535,0.070165627,0.1,0.070165627,0.1
"107",107,107,107,213,"Henderson County, Texas",NA,0.00144659,35086,0.329504437,0.156423873,0.663014543,0.7,0.663014543,0.7
"108",108,108,108,215,"Hidalgo County, Texas",6,0.049682195,23753,0.413571862,0.17814549,0.947729867,0.9,0.950116854795219,1
"109",109,109,109,217,"Hill County, Texas",NA,0.001075573,36121,0.372233882,0.154915331,0.741769639,0.7,0.741769639,0.7
"110",110,110,110,219,"Hockley County, Texas",NA,0.001015697,42167,0.064058277,0.147126223,0.121233904,0.1,0.121233904,0.1
"111",111,111,111,221,"Hood County, Texas",1,0.000645388,44056,0.313696961,0.144992643,0.585079701,0.6,0.484432655865983,0.5
"112",112,112,112,223,"Hopkins County, Texas",NA,0.000515645,36572,0.248727388,0.154275898,0.493606018,0.5,0.493606018,0.5
"113",113,113,113,225,"Houston County, Texas",NA,0.001266215,34720,0.332567557,0.156971599,0.67152118,0.7,0.67152118,0.7
"114",114,114,114,227,"Howard County, Texas",NA,0.001861673,36313,0.065978407,0.154641817,0.131246437,0.1,0.131246437,0.1
"115",115,115,115,229,"Hudspeth County, Texas",5,0.009245512,27317,0.008227088,0.170034345,0.017994573,0,0.242095565807525,0.2
"116",116,116,116,231,"Hunt County, Texas",1,0.000783406,33312,0.249037638,0.159152727,0.509844603,0.5,0.484432655865983,0.5
"117",117,117,117,233,"Hutchinson County, Texas",NA,0.000960736,40463,0.022862119,0.149163178,0.043866892,0,0.043866892,0
"118",118,118,118,235,"Irion County, Texas",NA,0.000925535,60959,0.243426011,0.1301173,0.407437293,0.4,0.407437293,0.4
"119",119,119,119,237,"Jack County, Texas",NA,0.000454871,47543,0.189423726,0.14135748,0.344438684,0.3,0.344438684,0.3
"120",120,120,120,239,"Jackson County, Texas",NA,0.002880725,40467,0.33865937,0.149158263,0.64978423,0.6,0.64978423,0.6
"121",121,121,121,241,"Jasper County, Texas",NA,0.00125416,37747,0.298925589,0.152658213,0.587005297,0.6,0.587005297,0.6
"122",122,122,122,243,"Jeff Davis County, Texas",NA,0.002655427,34495,0.022060642,0.157312151,0.04464154,0,0.04464154,0
"123",123,123,123,245,"Jefferson County, Texas",10,0.016791945,39532,0.21827281,0.150325062,0.422075151,0.4,0.518613421595532,0.5
"124",124,124,124,247,"Jim Hogg County, Texas",NA,0.001865556,33296,0.413906466,0.159178216,0.847509543,0.8,0.847509543,0.8
"125",125,125,125,249,"Jim Wells County, Texas",NA,0.002394836,42782,0.535279931,0.146417828,1.008169776,1,1.008169776,1
"126",126,126,126,251,"Johnson County, Texas",1,0.001445195,38016,0.301814583,0.152297292,0.591277229,0.6,0.484432655865983,0.5
"127",127,127,127,253,"Jones County, Texas",NA,0.001282782,28720,0.068373714,0.167219213,0.147073389,0.1,0.147073389,0.1
"128",128,128,128,255,"Karnes County, Texas",NA,0.000974307,40545,0.547485541,0.149062552,1.049784025,1,1.049784025,1
"129",129,129,129,257,"Kaufman County, Texas",1,0.000958761,37348,0.119889877,0.153199919,0.236265226,0.2,0.484432655865983,0.5
"130",130,130,130,259,"Kendall County, Texas",3,0.000774112,65960,0.434612677,0.126742063,0.708568619,0.7,1.01306410485482,1
"131",131,131,131,261,"Kenedy County, Texas",NA,0.005077252,56300,0.25533931,0.133611813,0.438855241,0.4,0.438855241,0.4
"132",132,132,132,263,"Kent County, Texas",NA,0.000771575,44827,0.090824013,0.144156566,0.16842008,0.2,0.16842008,0.2
"133",133,133,133,265,"Kerr County, Texas",NA,0.001398377,44059,0.322790213,0.144989352,0.602025962,0.6,0.602025962,0.6
"134",134,134,134,267,"Kimble County, Texas",NA,0.000937392,41000,0.244631919,0.148509089,0.467331344,0.5,0.467331344,0.5
"135",135,135,135,269,"King County, Texas",NA,0.000644249,63985,0.085476435,0.128032904,0.140775393,0.1,0.140775393,0.1
"136",136,136,136,271,"Kinney County, Texas",NA,0.001886005,30314,0.211389293,0.164235324,0.446589298,0.4,0.446589298,0.4
"137",137,137,137,273,"Kleberg County, Texas",NA,0.004344779,34148,0.448172576,0.157843207,0.909975978,0.9,0.909975978,0.9
"138",138,138,138,275,"Knox County, Texas",NA,0.000615781,39229,0.069063432,0.150711101,0.133891236,0.1,0.133891236,0.1
"139",139,139,142,277,"La Salle County, Texas",NA,0.002216043,45591,0.167139381,0.143346782,0.30819493,0.3,0.30819493,0.3
"140",140,140,139,279,"Lamar County, Texas",NA,0.000779052,37540,0.055468093,0.15293829,0.109123483,0.1,0.109123483,0.1
"141",141,141,140,281,"Lamb County, Texas",NA,0.000803144,36248,0.36020547,0.154734196,0.716960717,0.7,0.716960717,0.7
"142",142,142,141,283,"Lampasas County, Texas",9,0.000710502,46618,0.603148105,0.142286307,1.103940913,1.1,0.956456935874137,1
"143",143,143,143,285,"Lavaca County, Texas",NA,0.00156541,43525,0.437537959,0.145579892,0.819362123,0.8,0.819362123,0.8
"144",144,144,144,287,"Lee County, Texas",NA,0.00084271,43241,0.425706502,0.145897912,0.798947265,0.8,0.798947265,0.8
"145",145,145,145,289,"Leon County, Texas",NA,0.001059075,40093,0.330898664,0.149620627,0.636861853,0.6,0.636861853,0.6
"146",146,146,146,291,"Liberty County, Texas",2,0.00360846,34839,0.396899166,0.156792672,0.8005062,0.8,0.810191659406406,0.8
"147",147,147,147,293,"Limestone County, Texas",NA,0.001081692,33551,0.303538325,0.158773919,0.619942558,0.6,0.619942558,0.6
"148",148,148,148,295,"Lipscomb County, Texas",NA,0.000352248,46304,0.032340055,0.14260721,0.059325443,0.1,0.059325443,0.1
"149",149,149,149,297,"Live Oak County, Texas",NA,0.001638881,44484,0.501228514,0.144526131,0.931839035,0.9,0.931839035,0.9
"150",150,150,150,299,"Llano County, Texas",NA,0.000734743,39508,0.266868773,0.150355495,0.516149864,0.5,0.516149864,0.5
"151",151,151,151,301,"Loving County, Texas",NA,0.000983259,33453,0.055136861,0.15892881,0.112720634,0.1,0.112720634,0.1
"152",152,152,152,303,"Lubbock County, Texas",11,0.004035226,37644,0.06345346,0.152797318,0.124718188,0.1,0.156538936847987,0.2
"153",153,153,153,305,"Lynn County, Texas",11,0.001027511,31026,0.077520347,0.162969272,0.162510036,0.2,0.156538936847987,0.2
"154",154,154,154,307,"Madison County, Texas",NA,0.000695898,42574,0.311051475,0.146655887,0.586800561,0.6,0.586800561,0.6
"155",155,155,161,309,"Marion County, Texas",NA,0.00471899,34591,0.458015221,0.157166488,0.925973616,0.9,0.925973616,0.9
"156",156,156,162,311,"Martin County, Texas",NA,0.006517967,49193,0.572006811,0.139759032,1.028347361,1,1.028347361,1
"157",157,157,157,313,"Mason County, Texas",NA,0.000607357,39689,0.305666901,0.150126584,0.590289107,0.6,0.590289107,0.6
"158",158,158,158,315,"Matagorda County, Texas",NA,0.000339442,37324,0.25984956,0.153232749,0.51219146,0.5,0.51219146,0.5
"159",159,159,159,317,"Maverick County, Texas",NA,0.001314046,25490,0.028599794,0.17400339,0.064014649,0.1,0.064014649,0.1
"160",160,160,160,319,"McCulloch County, Texas",NA,0.000542924,42574,0.208125602,0.146655887,0.392630255,0.4,0.392630255,0.4
"161",161,161,155,321,"McLennan County, Texas",14,0.00600132,35467,0.386585835,0.155861733,0.775075827,0.8,0.980772878725187,1
"162",162,162,156,323,"McMullen County, Texas",NA,0.001299656,71176,0.222517349,0.123567178,0.353692425,0.4,0.353692425,0.4
"163",163,163,163,325,"Medina County, Texas",3,0.002157167,35478,0.445740854,0.155845623,0.893584866,0.9,1.01306410485482,1
"164",164,164,164,327,"Menard County, Texas",NA,0.000556515,33538,0.209273057,0.158794431,0.427471671,0.4,0.427471671,0.4
"165",165,165,165,329,"Midland County, Texas",NA,0.003001745,96463,0.042232273,0.111659085,0.060659283,0.1,0.060659283,0.1
"166",166,166,166,331,"Milam County, Texas",NA,0.001615779,37276,0.367581915,0.153298493,0.724854393,0.7,0.724854393,0.7
"167",167,167,167,333,"Mills County, Texas",NA,0.000571767,35472,0.299217384,0.15585441,0.599880397,0.6,0.599880397,0.6
"168",168,168,168,335,"Mitchell County, Texas",NA,0.001093447,31964,0.051410933,0.16135928,0.106710753,0.1,0.106710753,0.1
"169",169,169,169,337,"Montague County, Texas",NA,0.000576845,49513,0.159341572,0.139457296,0.285844007,0.3,0.285844007,0.3
"170",170,170,170,339,"Montgomery County, Texas",2,0.016685619,55849,0.27028816,0.133970503,0.46579515,0.5,0.810191659406406,0.8
"171",171,171,171,341,"Moore County, Texas",NA,0.000833414,37604,0.021267829,0.152851477,0.041816873,0,0.041816873,0
"172",172,172,172,343,"Morris County, Texas",NA,0.000248026,37831,0.653174115,0.152545141,1.281699158,1.3,1.281699158,1.3
"173",173,173,173,345,"Motley County, Texas",NA,0.00081985,36247,0.061953178,0.154735619,0.123314072,0.1,0.123314072,0.1
"174",174,174,174,347,"Nacogdoches County, Texas",NA,0.00143535,32337,0.337896234,0.160736465,0.698644937,0.7,0.698644937,0.7
"175",175,175,175,349,"Navarro County, Texas",NA,0.001490879,35276,0.312153443,0.156142529,0.626971922,0.6,0.626971922,0.6
"176",176,176,176,351,"Newton County, Texas",10,0.001032979,28802,0.236517328,0.16706037,0.508270795,0.5,0.518613421595532,0.5
"177",177,177,177,353,"Nolan County, Texas",NA,0.00113916,36501,0.050189262,0.154375863,0.099666444,0.1,0.099666444,0.1
"178",178,178,178,355,"Nueces County, Texas",7,0.022800754,42439,0.366877803,0.146811229,0.692850386,0.7,0.769282374100747,0.8
"179",179,179,179,357,"Ochiltree County, Texas",NA,0.000472357,60573,0.022229675,0.130393105,0.03728606,0,0.03728606,0
"180",180,180,180,359,"Oldham County, Texas",NA,0.001220847,50645,0.049964253,0.138410423,0.088958397,0.1,0.088958397,0.1
"181",181,181,181,361,"Orange County, Texas",10,0.003622514,39933,0.176726017,0.149820189,0.34058819,0.3,0.518613421595532,0.5
"182",182,182,182,363,"Palo Pinto County, Texas",NA,0.000799232,36560,0.211965995,0.154292775,0.420698089,0.4,0.420698089,0.4
"183",183,183,183,365,"Panola County, Texas",NA,0.001169121,44173,0.26489943,0.144864517,0.493630288,0.5,0.493630288,0.5
"184",184,184,184,367,"Parker County, Texas",1,0.001028122,48118,0.323513857,0.140792158,0.585908914,0.6,0.484432655865983,0.5
"185",185,185,185,369,"Parmer County, Texas",NA,0.000558014,46800,0.032733093,0.142101622,0.059833559,0.1,0.059833559,0.1
"186",186,186,186,371,"Pecos County, Texas",NA,0.006119538,32710,0.040962947,0.160123155,0.084373116,0.1,0.084373116,0.1
"187",187,187,187,373,"Polk County, Texas",NA,0.001443206,36102,0.318408585,0.154942503,0.634620488,0.6,0.634620488,0.6
"188",188,188,188,375,"Potter County, Texas",13,0.001813962,40706,0.061483963,0.148865769,0.117737674,0.1,0.142116543253443,0.1
"189",189,189,189,377,"Presidio County, Texas",NA,0.006859993,32614,0.006735684,0.16028011,0.013887373,0,0.013887373,0
"190",190,190,190,379,"Rains County, Texas",NA,0.000151727,31775,0.34785982,0.161678573,0.723461607,0.7,0.723461607,0.7
"191",191,191,191,381,"Randall County, Texas",13,0.001563214,41938,0.074980426,0.147393528,0.142162507,0.1,0.142116543253443,0.1
"192",192,192,192,383,"Reagan County, Texas",NA,0.001247205,59221,0.139708934,0.131377928,0.236105085,0.2,0.236105085,0.2
"193",193,193,193,385,"Real County, Texas",NA,0.000509502,27896,0.211386146,0.168849719,0.459129942,0.5,0.459129942,0.5
"194",194,194,194,387,"Red River County, Texas",NA,0.000551217,35219,0.178039339,0.15622672,0.357791518,0.4,0.357791518,0.4
"195",195,195,195,389,"Reeves County, Texas",NA,0.00316664,27247,0.028016982,0.170179832,0.061332151,0.1,0.061332151,0.1
"196",196,196,196,391,"Refugio County, Texas",NA,0.002433473,45306,0.479149145,0.143646731,0.885370847,0.9,0.885370847,0.9
"197",197,197,197,393,"Roberts County, Texas",NA,0.000626112,45578,0.049913945,0.143360409,0.092047052,0.1,0.092047052,0.1
"198",198,198,198,395,"Robertson County, Texas",15,0.00125178,44251,0.293402911,0.14477935,0.546424037,0.5,0.533366537453247,0.5
"199",199,199,199,397,"Rockwall County, Texas",1,0.000640136,50460,0.081284569,0.138579367,0.144899015,0.1,0.484432655865983,0.5
"200",200,200,200,399,"Runnels County, Texas",NA,0.000980531,36152,0.17397374,0.154871039,0.346587315,0.3,0.346587315,0.3
"201",201,201,201,401,"Rusk County, Texas",NA,0.001111668,35633,0.288765652,0.155619324,0.578053202,0.6,0.578053202,0.6
"202",202,202,202,403,"Sabine County, Texas",NA,0.000369271,34318,0.235562861,0.157582141,0.477499115,0.5,0.477499115,0.5
"203",203,203,203,405,"San Augustine County, Texas",NA,0.000399178,32516,0.409842577,0.160440971,0.845845629,0.8,0.845845629,0.8
"204",204,204,204,407,"San Jacinto County, Texas",NA,0.000774806,31607,0.28010234,0.161964522,0.583573262,0.6,0.583573262,0.6
"205",205,205,205,409,"San Patricio County, Texas",7,0.009285845,38920,0.457894001,0.1511089,0.890048659,0.9,0.769282374100747,0.8
"206",206,206,206,411,"San Saba County, Texas",NA,0.000744056,34718,0.350354613,0.156974613,0.707450429,0.7,0.707450429,0.7
"207",207,207,207,413,"Schleicher County, Texas",NA,0.001054575,44732,0.24529234,0.144258545,0.45518117,0.5,0.45518117,0.5
"208",208,208,208,415,"Scurry County, Texas",NA,0.001256738,51998,0.047213016,0.137199367,0.083324479,0.1,0.083324479,0.1
"209",209,209,209,417,"Shackelford County, Texas",NA,0.000722117,97227,0.119290238,0.111365847,0.17088962,0.2,0.17088962,0.2
"210",210,210,210,419,"Shelby County, Texas",NA,0.000688278,40083,0.369483199,0.149633068,0.711182447,0.7,0.711182447,0.7
"211",211,211,211,421,"Sherman County, Texas",NA,0.000541278,65049,0.009444561,0.127330989,0.015469442,0,0.015469442,0
"212",212,212,212,423,"Smith County, Texas",NA,0.002853607,43249,0.32179298,0.145888916,0.603889691,0.6,0.603889691,0.6
"213",213,213,213,425,"Somervell County, Texas",1,0.00017778,40991,0.355526362,0.148519957,0.679227683,0.7,0.484432655865983,0.5
"214",214,214,214,427,"Starr County, Texas",NA,0.006509163,23215,0.823890437,0.179511148,1.902477984,1.9,1.902477984,1.9
"215",215,215,215,429,"Stephens County, Texas",NA,0.000576308,53179,0.145899712,0.136176112,0.255572499,0.3,0.255572499,0.3
"216",216,216,216,431,"Sterling County, Texas",NA,0.000825551,53564,0.07836455,0.135849065,0.136941491,0.1,0.136941491,0.1
"217",217,217,217,433,"Stonewall County, Texas",NA,0.000791381,52132,0.086497566,0.137081714,0.152525397,0.2,0.152525397,0.2
"218",218,218,218,435,"Sutton County, Texas",NA,0.001131172,66362,0.262095182,0.126485623,0.426441003,0.4,0.426441003,0.4
"219",219,219,219,437,"Swisher County, Texas",NA,0.000638038,41310,0.086440575,0.148136674,0.164717214,0.2,0.164717214,0.2
"220",220,220,220,439,"Tarrant County, Texas",1,0.025463014,46169,0.407230986,0.142746071,0.747762589,0.7,0.484432655865983,0.5
"221",221,221,221,441,"Taylor County, Texas",NA,0.003625445,42318,0.102060366,0.146951021,0.192924989,0.2,0.192924989,0.2
"222",222,222,222,443,"Terrell County, Texas",NA,0.003234497,55079,0.09041805,0.134591915,0.156542715,0.2,0.156542715,0.2
"223",223,223,223,445,"Terry County, Texas",NA,0.001035908,33826,0.050861068,0.158342479,0.103595685,0.1,0.103595685,0.1
"224",224,224,224,447,"Throckmorton County, Texas",NA,0.000513542,51935,0.081140384,0.137254821,0.143259497,0.1,0.143259497,0.1
"225",225,225,225,449,"Titus County, Texas",NA,0.000416469,31171,0.328323969,0.162716181,0.687214136,0.7,0.687214136,0.7
"226",226,226,226,451,"Tom Green County, Texas",NA,0.003499564,42114,0.20715676,0.147187916,0.392220257,0.4,0.392220257,0.4
"227",227,227,227,453,"Travis County, Texas",4,0.026421577,54145,0.442105582,0.135361409,0.769803036,0.8,0.875387976895515,0.9
"228",228,228,228,455,"Trinity County, Texas",NA,0.000794004,31769,0.312384686,0.161688751,0.64972308,0.6,0.64972308,0.6
"229",229,229,229,457,"Tyler County, Texas",NA,0.000924415,30191,0.399740302,0.164458057,0.845652319,0.8,0.845652319,0.8
"230",230,230,230,459,"Upshur County, Texas",NA,0.00046926,35427,0.413027235,0.155920372,0.828400409,0.8,0.828400409,0.8
"231",231,231,231,461,"Upton County, Texas",NA,0.001895747,60551,0.06825405,0.130408895,0.114497075,0.1,0.114497075,0.1
"232",232,232,232,463,"Uvalde County, Texas",NA,0.002072811,34086,0.262434548,0.157938851,0.533173719,0.5,0.533173719,0.5
"233",233,233,233,465,"Val Verde County, Texas",NA,0.006200791,33017,0.202104118,0.159625321,0.414988154,0.4,0.414988154,0.4
"234",234,234,234,467,"Van Zandt County, Texas",NA,0.000693934,33402,0.200911327,0.159009655,0.410947812,0.4,0.410947812,0.4
"235",235,235,235,469,"Victoria County, Texas",NA,0.005281775,47419,0.302221614,0.141480588,0.550023355,0.6,0.550023355,0.6
"236",236,236,236,471,"Walker County, Texas",NA,0.002193068,25534,0.321792076,0.173903385,0.719850208,0.7,0.719850208,0.7
"237",237,237,237,473,"Waller County, Texas",2,0.000992563,34078,0.412393072,0.157951209,0.837901694,0.8,0.810191659406406,0.8
"238",238,238,238,475,"Ward County, Texas",NA,0.001046069,48094,0.027571405,0.140815573,0.049942277,0,0.049942277,0
"239",239,239,239,477,"Washington County, Texas",NA,0.001503633,49365,0.225218344,0.139596525,0.404424187,0.4,0.404424187,0.4
"240",240,240,240,479,"Webb County, Texas",12,0.015790545,28355,0.475634908,0.167933666,1.027472588,1,1.03615900430039,1
"241",241,241,241,481,"Wharton County, Texas",NA,0.002365019,40869,0.43977828,0.148667595,0.841024885,0.8,0.841024885,0.8
"242",242,242,242,483,"Wheeler County, Texas",NA,0.000499537,52127,0.065493119,0.137086096,0.115490919,0.1,0.115490919,0.1
"243",243,243,243,485,"Wichita County, Texas",NA,0.001700695,40593,0.063363019,0.149003775,0.121448425,0.1,0.121448425,0.1
"244",244,244,244,487,"Wilbarger County, Texas",NA,0.000579857,39075,0.075295848,0.150908832,0.146165353,0.1,0.146165353,0.1
"245",245,245,245,489,"Willacy County, Texas",NA,0.003790277,25480,0.227589613,0.17402615,0.509478314,0.5,0.509478314,0.5
"246",246,246,246,491,"Williamson County, Texas",4,0.008662106,38938,0.283308025,0.151085612,0.550605743,0.6,0.875387976895515,0.9
"247",247,247,247,493,"Wilson County, Texas",3,0.001056416,39301,0.587034346,0.150619009,1.137370741,1.1,1.01306410485482,1
"248",248,248,248,495,"Winkler County, Texas",NA,0.001198837,40441,0.048641114,0.149190221,0.093347486,0.1,0.093347486,0.1
"249",249,249,249,497,"Wise County, Texas",1,0.000641145,42087,0.359953723,0.147219384,0.681664097,0.7,0.484432655865983,0.5
"250",250,250,250,499,"Wood County, Texas",NA,0.000494501,33703,0.428120672,0.15853487,0.87307138,0.9,0.87307138,0.9
"251",251,251,251,501,"Yoakum County, Texas",NA,0.000745107,44554,0.023645143,0.144450402,0.043935892,0,0.043935892,0
"252",252,252,252,503,"Young County, Texas",NA,0.000546846,51473,0.122013001,0.137664246,0.216065796,0.2,0.216065796,0.2
"253",253,253,253,505,"Zapata County, Texas",NA,0.002857928,32037,0.431800852,0.161236628,0.895583235,0.9,0.895583235,0.9
"254",254,254,254,507,"Zavala County, Texas",NA,0.002682754,23952,0.363645711,0.177650756,0.831006235,0.8,0.831006235,0.8
