"id","county","mosquito.abundance","gdp","importation.projected","Aug","Jul","Jun","May","Nov","Oct","Sep"
1,"anderson",0.853697743128461,26610.284,0.001,1.10341076410117,1.05684823027224,0.862711670937554,0.331938757784773,2.10806077212903e-06,0.0590342981083564,0.673629722273252
2,"andrews",0.0685106329358104,35641.404,0,0.075765815889383,0.0767096818484356,0.071300674191329,0.0279979560843738,1.13358237801552e-13,0.00110877372735072,0.0348111005196846
3,"angelina",0.970571238093745,38026.305,0.002,1.15736743577549,1.11137603367537,0.924601317515512,0.369386598736267,5.3153064912443e-06,0.0743688747721959,0.726471257619401
4,"aransas",0.616280256127049,37818.89,0.002,0.749203431821629,0.702024946542245,0.641426002352842,0.390538517683235,0.0384515830126693,0.332001176777105,0.654611029444598
5,"archer",0.308860036289636,39691.589,0.001,0.41371924745865,0.40924389419954,0.351633883373359,0.116716039390799,2.78076246315074e-11,0.00688176038021918,0.220412073592559
6,"armstrong",0.0857645253358832,37871.932,0.001,0.0881216314937482,0.0923177191029451,0.067721356279907,0.00964216648959122,1.70019406366506e-27,4.51447890787766e-05,0.025643657543735
7,"atascosa",0.415519075529801,28963.581,0.001,0.564155656494241,0.539685678397771,0.531783812000103,0.399189818214373,0.00257550278127034,0.144335681255939,0.447763684844359
8,"austin",1.00254213498101,39383.01,0.001,1.25039817792809,1.17870536493122,1.06577545851974,0.560757257986557,0.000264727215435062,0.158905056022064,0.902879936281765
9,"bailey",0.0632077433396611,31482.362,0,0.0535751054457565,0.0590639541622404,0.0482821222107954,0.00777296962329026,9.42290127629533e-29,2.3056753600417e-05,0.0147130917207405
10,"bandera",0.300481653039251,37227.076,0.001,0.345251795308459,0.318072859263038,0.314101081000545,0.192227377744908,1.23530385916318e-05,0.0290444388553373,0.210902521847053
11,"bastrop",0.653922754510721,31266.891,0.001,0.871572079040518,0.828173069171808,0.765260753926468,0.456905304182332,0.000238857786722314,0.127005734186495,0.662492902765295
12,"baylor",0.184416558258863,30499.876,0.002,0.251390854813496,0.250958337015096,0.216827912861463,0.0760022255895141,1.5849436670647e-11,0.00495023618548067,0.138627632589049
13,"bee",0.641311759370352,23396.96,0.001,0.857530266806364,0.806243854482802,0.798168082744993,0.583104424289189,0.0103358396372191,0.2696472177661,0.699180329885991
14,"bell",0.716296178125391,39220.858,0.003,0.954077837315023,0.925726512381171,0.834428051141211,0.443643460435336,1.60486350123809e-05,0.0935296276423459,0.676782896336669
15,"bexar",0.698090530505885,40879.729,0.043,0.887190317122822,0.8529720272542,0.822539522058832,0.53840257465073,0.000693958026433654,0.157825026808549,0.657123964829951
16,"blanco",0.394867951427489,41710.124,0.001,0.48211049256471,0.451778911353208,0.413752912844164,0.23266511590637,6.19398504174951e-06,0.0365966573469923,0.3060531154741
17,"borden",0.0720358020288873,38775.379,0.001,0.084481557556435,0.084268008767316,0.0757831853596084,0.0279693150619336,3.39590514517808e-13,0.00127117410049107,0.0416018472733016
18,"bosque",0.480076104757952,32536.976,0.001,0.647066256124278,0.637941884788452,0.55763209532198,0.251088301324435,3.97331808754598e-07,0.038660716809577,0.412876765730966
19,"bowie",0.648209238447095,35782.421,0.003,0.788343159501442,0.761910137529051,0.551377324402665,0.147968382924405,1.26656998768544e-09,0.012645838269581,0.397894696752663
20,"brazoria",0.919033255622152,39928.743,0.004,1.07445128611672,1.01869840732016,0.906835341090419,0.477872242733904,0.00514985750300756,0.244846225393676,0.832305860016975
21,"brazos",0.905766960232694,30840.368,0.081,1.18271987333442,1.13422416339242,0.991600726807666,0.499845061490931,5.09288366063548e-05,0.117117116996107,0.81316792584021
22,"brewster",0.0801209588538258,35967.199,0.005,0.0836731664104221,0.0847984328369558,0.0892089852632461,0.0518919254277056,7.25731876447069e-08,0.0054341395530438,0.047104184973907
23,"briscoe",0.0936444748585779,32286.911,0.001,0.102705006035027,0.104866221740643,0.0807961120486754,0.0158278359261594,2.61208078422071e-21,0.000165970520926226,0.034742573830167
24,"brooks",0.566672967547104,24133.321,0.004,0.760730370284193,0.72908240888215,0.728012493966076,0.603883810429731,0.0364979645492196,0.332617250721409,0.643766623949302
25,"brown",0.199733325143713,31091.355,0.001,0.25966638712451,0.251006208180098,0.220737362444732,0.103093934629811,1.49407395463671e-08,0.00953733919498963,0.141255983491964
26,"burleson",0.687663886186313,32082.107,0.001,0.905324952399062,0.871596406136766,0.772037604618059,0.410366105448983,6.7113695598757e-05,0.0979427500624682,0.637715898317947
27,"burnet",0.398636307794984,39070.981,0.002,0.509702946887928,0.487210019471495,0.435420042329856,0.234033643241514,2.61189070068963e-06,0.0386096072382962,0.330024840107813
28,"caldwell",0.767365232178633,29098.604,0.001,1.0279398358447,0.961084752364542,0.898492928822572,0.551378718382345,0.000507558306072536,0.153302120539026,0.77799464081776
29,"calhoun",0.494368272674605,32582.63,0.001,0.603454312182571,0.562998342448334,0.519916519633364,0.302784664123932,0.00798289415714704,0.183791332096764,0.501659963224416
30,"callahan",0.091037947283384,32005.183,0.001,0.115558212554465,0.112074964832385,0.0969599556910796,0.0384583925647752,1.39050045353766e-10,0.00234437681788338,0.057610379867361
31,"cameron",0.819340131966154,23111.079,0.003,1.05307815827857,1.01721136963385,0.972684038847026,0.750889964825609,0.145540821164343,0.586102664574199,0.945766881031277
32,"camp",0.272276730379172,38153.166,0.002,0.33597644807165,0.323327425097405,0.242588673064242,0.0728856641477788,6.85309644153753e-09,0.00736185525566544,0.177120458494051
33,"carson",0.111156866164701,37150.686,0,0.106030600744056,0.113442753053858,0.078927957713194,0.0075487418641668,1.05753175129887e-34,1.24226903198281e-05,0.0267956382662434
34,"cass",0.783321686936441,32193.719,0.001,0.958790769937526,0.923859016250364,0.689957560828796,0.199032283155258,1.31497509483032e-08,0.0205955657976056,0.506696064727185
35,"castro",0.0842332532433191,52694.591,0,0.0673769111256397,0.0728727550886835,0.0558009810957495,0.00667539720892279,5.30012332931827e-36,8.50821893988909e-06,0.0155729299226036
36,"chambers",0.814549243003683,43703.073,0.001,0.938179984946469,0.900213728980474,0.78709621184257,0.361263028199883,0.00235137250966044,0.178224090853563,0.70770218471995
37,"cherokee",0.817201204040862,33499.99,0.002,1.00814903243829,0.967706723048013,0.783923795139157,0.29440410766334,1.37200857953685e-06,0.0504903321446617,0.607749877692733
38,"childress",0.168312716442416,23676.53,0.002,0.226735996060082,0.226790376781349,0.187603256662914,0.0488604095530833,1.93078994097382e-15,0.00168351763675918,0.106956388386324
39,"clay",0.172187586613044,34745.621,0.001,0.231412162205559,0.229299002784118,0.191117063472378,0.0595124935034076,2.0571845900866e-12,0.00290790799455671,0.116177940027495
40,"cochran",0.0645586283327707,40625.486,0,0.0571536060700631,0.0621505143768977,0.0530565192326118,0.0113401677653409,2.67478044519693e-22,9.34943048566341e-05,0.0180418435945588
41,"coke",0.128920407156599,24820.307,0.001,0.163511387892291,0.159014725516081,0.147002696705641,0.0694528739648624,3.32091286386057e-10,0.00512835319841601,0.0892101318604833
42,"coleman",0.208536858756879,30621.072,0.001,0.267409706002332,0.25816232709358,0.229854060211237,0.105711622665286,4.37130542522634e-09,0.00863708673998699,0.143377185337403
43,"collin",0.565220871957036,57839.717,0.035,0.727169998036246,0.719284516361708,0.596951678137438,0.20145566026791,7.99387436989041e-09,0.0200123510204692,0.410038030065904
44,"collingsworth",0.135240812064657,41763.63,0.001,0.167259003140818,0.167961962613692,0.12832837158724,0.0272126284431015,1.16133507576473e-18,0.000457919853707563,0.0650683556715493
45,"colorado",0.970359325520767,36157.665,0.001,1.22610546593514,1.15048702540013,1.05020769908635,0.584708628294499,0.000508517843490932,0.183064602777246,0.918452898031665
46,"comal",0.720811846700306,44052.182,0.003,0.885601090717049,0.835101276437075,0.789531785834506,0.47819458537049,0.000143158511182657,0.108126764446429,0.616407137616414
47,"comanche",0.0839117988779374,33790.592,0.003,0.109240932216301,0.107531090294875,0.092450765477293,0.0413527095980668,7.05943359927978e-09,0.00421483382465981,0.0601084272491601
48,"concho",0.133181113434639,24011.231,0.001,0.17149441736434,0.166062990982084,0.154678072477585,0.0806753976996986,1.31395431817039e-08,0.00719055854371789,0.0957995865951775
49,"cooke",0.148474983977738,39072.394,0.001,0.196203440587964,0.193632400297125,0.157684761314033,0.0461052844353759,5.00873612515234e-11,0.00306999975950445,0.0987551146814202
50,"coryell",0.56657427115954,34516.687,0.001,0.757250582840592,0.739336691724938,0.655326629725268,0.334650287120742,2.19130968939584e-06,0.0553649980008214,0.502601389383016
51,"cottle",0.0831752238595267,35672.152,0.001,0.109407804767718,0.109126366170142,0.091512876583242,0.0277255345485774,2.48903100704626e-13,0.00150646207000679,0.0552330953100931
52,"crane",0.135871791171679,30573.769,0.001,0.173625991211978,0.172874917976354,0.169665604599684,0.0942595225764427,8.86250958043512e-09,0.0101841860454678,0.102418736748483
53,"crockett",0.114191024879811,24199.423,0.001,0.143836904540977,0.138974407740516,0.138070583400368,0.0823929581599575,4.40065778255879e-08,0.00878687601968717,0.084585750847349
54,"crosby",0.0791125936026355,40716.171,0.001,0.0828866766515188,0.0843511624119415,0.0691396685860579,0.0168204099607748,5.88851647291128e-19,0.000238372918147805,0.030430862338783
55,"culberson",0.033543174449048,23517.614,0.001,0.0366862610612827,0.0388874801683099,0.0375917454306139,0.0154209641797333,3.3550702612206e-12,0.000746015476181499,0.0175225581768875
56,"dallam",0.0374095842250685,38876.355,0,0.0302078992335042,0.0358145783995174,0.0220060970482696,0.00104381906550843,0,1.89904867908958e-07,0.00532873030257759
57,"dallas",0.96071839613034,53546.658,0.051,1.25343466644898,1.23986832634877,1.05889422000411,0.408329430533809,1.49601497218144e-07,0.0529237535086042,0.77396731690404
58,"dawson",0.097813370706197,28318.798,0.001,0.108720267199889,0.111434710348739,0.102865848657702,0.036852645703057,1.3829402198988e-14,0.0011550411504041,0.0486361663593823
59,"deaf smith",0.0412124728205501,31607.628,0.001,0.0330692381281474,0.0373806304987272,0.0270573014946007,0.00250583891917138,2.97269036945684e-41,1.86624142793806e-06,0.00712355327356643
60,"delta",0.233423369936669,26724.424,0.001,0.316386202929426,0.311237664486315,0.244874558539331,0.0745584964645709,2.07421500105542e-09,0.00732571234030759,0.17100509915711
61,"denton",0.572352635332073,46646.445,0.011,0.757877513408903,0.752630642187344,0.642677993223137,0.22155185638727,1.11317362509203e-08,0.0233759532305981,0.436883640358631
62,"dewitt",0.663029281142092,30906.117,0.001,0.864453446901856,0.810943833940741,0.785528895354016,0.520027541592302,0.0024818821937034,0.190082660969327,0.680879086646787
63,"dickens",0.065750733595378,23922.847,0.001,0.0825783124856291,0.0817656879176925,0.068896559527189,0.0209997030219779,1.02127433064185e-13,0.000862250676343917,0.038351047206963
64,"dimmit",0.279865231638048,24296.916,0.002,0.383167768917746,0.382584565591946,0.384870905701606,0.329050814180063,0.00318768773207604,0.134729607575091,0.329377014982456
65,"donley",0.125028056081351,32651.056,0.001,0.143617333933356,0.146522800927744,0.108074765074615,0.0199532723038817,7.36352743210816e-21,0.000207262784813372,0.0495348235742514
66,"duval",0.469940860480837,26625.173,0.001,0.620953728740237,0.588487818760133,0.598693056977977,0.485314985295958,0.0144400642665879,0.233139573533876,0.505834494447418
67,"eastland",0.0553757646344346,36375.169,0.001,0.0714723436556664,0.0704690776210829,0.0603106670109266,0.0244499402937398,7.57181754620071e-10,0.00209112268652717,0.0373805155627032
68,"ector",0.125015170073392,33805.732,0.001,0.146005573094073,0.146210536228823,0.141656595818772,0.0649141826497353,2.41651727727485e-11,0.00379555509878831,0.0752221663632671
69,"edwards",0.144114876218706,25489.821,0.001,0.173362502008635,0.16267186395838,0.162906510802012,0.103850865364754,1.64497471589777e-06,0.0133418286911574,0.102864709116719
70,"ellis",0.752072119850235,36731.466,0.002,1.00839240041636,0.995133098021269,0.838960984363013,0.313202475871616,1.46519737456902e-07,0.0412997116466087,0.615706695791868
71,"el paso",0.188664123571377,30914.278,0.003,0.211999532785098,0.233902191975962,0.199869677952049,0.0620592223835312,1.44463124658469e-11,0.00484438481211333,0.11506330301341
72,"erath",0.154709032595257,32399.158,0.003,0.204755370143467,0.200940208060392,0.170355291087822,0.0690753433528694,6.89315070476779e-09,0.00748975041670148,0.112903951593191
73,"falls",0.769307195490932,27519.929,0.001,1.04583169610695,1.02188451474953,0.877787440193823,0.413003125094959,4.55551269423995e-06,0.0804327864597924,0.715425066102806
74,"fannin",0.233246527218452,29716.904,0.001,0.314374344577076,0.309295798663958,0.241328333839641,0.0662248334960029,1.82602663844432e-10,0.00475970355885247,0.155360289089716
75,"fayette",0.837529873753412,39539.383,0.001,1.07758161664331,1.0286836737884,0.952088716534769,0.553438042817518,0.000315113213055772,0.154950322211917,0.798437356610132
76,"fisher",0.166249600247212,33174.015,0.001,0.216063064400005,0.213297420222715,0.18900223626122,0.0761186964444246,3.72467707292665e-11,0.00515599443516311,0.116438396898367
77,"floyd",0.062556768979908,38334.642,0.001,0.0618660084012477,0.0636500823389498,0.0501943978868995,0.00969533685091587,1.51533868646803e-22,7.34862400309805e-05,0.0199834487063002
78,"foard",0.138432799573024,29115.56,0.002,0.187836427794154,0.187599045001195,0.160436799240733,0.051233044463495,2.41679521523549e-13,0.00275874591120361,0.0987861374810309
79,"fort bend",0.9504067098263,49039.677,0.011,1.10970766468158,1.05942369165987,0.979387575369715,0.527824501812571,0.0010187631237971,0.180180421667061,0.831044623766693
80,"franklin",0.294652439903216,34113.263,0.002,0.377022687555244,0.364951015661258,0.273212074335344,0.07875814046465,1.56870363234646e-09,0.00655597016635833,0.194198811728337
81,"freestone",0.766074484873136,29202.935,0.001,1.02348971276428,0.989604613567316,0.815073937289309,0.322720658222352,1.58192669325821e-06,0.0541302489934665,0.634498286554034
82,"frio",0.347027239199837,23870.057,0.001,0.478079728247901,0.46426219246159,0.465227440396165,0.363760251669384,0.00239218072426246,0.133382472678193,0.385855678279434
83,"gaines",0.113756184855464,33221.986,0,0.118403203662382,0.123256061907159,0.114158342676628,0.038434219927729,1.59220773597006e-15,0.000968812932205076,0.0491477021574128
84,"galveston",0.89093053349501,44064.577,0.004,1.03835391854484,0.992338063509981,0.861179976337957,0.410682317597745,0.00785112312055359,0.260800919551132,0.822210246946861
85,"garza",0.0707040774610679,33141.213,0,0.0848995239387224,0.0848923898071741,0.0734084173641088,0.0245656569362764,7.20258765058619e-14,0.00102669874999608,0.0403872680377195
86,"gillespie",0.0734188966476254,45119.742,0.002,0.0813696278591831,0.0757098607298354,0.0705600303575136,0.037357130328308,9.46642024965708e-08,0.00383143732765054,0.0453524451868956
87,"glasscock",0.0586622064084402,42188.842,0,0.0686229895276116,0.0678407354529718,0.0648237359093836,0.0301128279938921,1.56100168137231e-11,0.00160981971831387,0.0350371969694775
88,"goliad",0.600174105588975,30558.357,0.001,0.76750121793792,0.719154181304878,0.697512705090809,0.458566762046741,0.00512412937286311,0.202465922268751,0.616896174901063
89,"gonzales",0.704836186582803,34813.385,0.002,0.925284666187035,0.876957689657968,0.842846296970302,0.55071184745291,0.00156657435304298,0.185005358137855,0.721116778573983
90,"gray",0.10910242669118,40791.958,0.001,0.112318257465018,0.116883461227051,0.0802191930792309,0.00846600873875555,3.50773308332194e-29,2.67806515731611e-05,0.0306269343228074
91,"grayson",0.241835495532883,33906.468,0.002,0.321805923555826,0.316923485440854,0.251713618950612,0.0695877025384366,7.74639304315735e-11,0.00441972723760632,0.158420760484738
92,"gregg",0.564621382044287,43640.862,0.002,0.689738182545917,0.663265953823649,0.521106436110871,0.182143592779562,2.64598193041966e-07,0.0264606340030286,0.399401586588714
93,"grimes",1.0658837297761,28889.711,0.001,1.34736148650435,1.27882219375628,1.11912104381162,0.534156129921453,4.79859687515482e-05,0.127053688328114,0.914460615550909
94,"guadalupe",0.561495591659217,37976.86,0.002,0.727533074342773,0.69244617017154,0.659320819467521,0.411534476571881,0.000561187161027123,0.12714112424134,0.550650702988094
95,"hale",0.0854559236137356,30219.99,0.001,0.0783335257254356,0.0827888278204563,0.0663098552358166,0.012050146488453,1.30112543213725e-26,5.23309566185294e-05,0.0230053039216201
96,"hall",0.0835353656446352,26459.337,0.001,0.109283885204105,0.109682135478411,0.0884434562688306,0.0245343163072959,7.83619216597496e-15,0.000835441920645645,0.0497322218379969
97,"hamilton",0.190172342881234,33984.755,0.001,0.249897571267354,0.245276575227186,0.212880455624266,0.101524136493433,8.77996655517091e-08,0.0125437929223868,0.14780114318285
98,"hansford",0.0903402308765823,47637.175,0.001,0.0899158910454652,0.0983007437669498,0.0656332655197004,0.00497562720669165,2.22138597855581e-42,4.22142030338518e-06,0.0221208255854651
99,"hardeman",0.121000843364968,31314.711,0.003,0.161949230739505,0.161771255756831,0.13756209606745,0.0404629532093605,1.40895927117304e-14,0.00175873917970706,0.0821931894494954
100,"hardin",1.04187622110695,36208.487,0.001,1.20777583173199,1.15838926856043,0.999645353428879,0.449950791434485,0.000105802962352072,0.116207986352566,0.806319571436225
101,"harris",1.19525465658428,55713.502,0.242,1.35935380878835,1.30302566786581,1.17486396321908,0.593935163480888,0.000486482205437417,0.176644077921779,0.9821037779785
102,"harrison",0.744601476456417,35480.763,0.001,0.922902316058381,0.89144295286199,0.701537510856949,0.244967770165784,3.43996655152932e-07,0.0356697354092064,0.538215273217267
103,"hartley",0.0432349232774238,37313.669,0,0.0381481029391545,0.0434599561337188,0.0291445784982456,0.00227048291462712,8.5971224584304e-40,1.99631481148067e-06,0.00873220247434045
104,"haskell",0.289166414467519,35494.964,0.001,0.385548627439738,0.382113015793107,0.341506117151161,0.13074517470966,5.76394777439406e-11,0.00961772173074111,0.215834113956192
105,"hays",0.693396308597147,34012.451,0.005,0.886653012665584,0.83662541767808,0.779955367454551,0.468895798999079,9.73144128169204e-05,0.10081190747279,0.616094948006833
106,"hemphill",0.101343130769403,50025.61,0,0.10868227266091,0.110361393207615,0.0732071737508263,0.00734071161026585,2.67512916981454e-32,1.52541710287135e-05,0.0282101341543445
107,"henderson",0.735603641714869,32738.907,0.002,0.956364742684806,0.917801655792976,0.727682013279174,0.256094007049473,4.41043950507477e-07,0.0376837915578269,0.570488723256238
108,"hidalgo",0.834947258833657,21822.695,0.004,1.1450923838712,1.10899121305574,1.08720587514151,0.922482751935036,0.0987602886485599,0.588577782916719,0.993804692266219
109,"hill",0.721314905534339,31286.171,0.001,0.979568207865033,0.966689816392702,0.832285855099295,0.357864739412044,7.65556679534324e-07,0.0588605492873033,0.630177075536887
110,"hockley",0.0818079271382981,33032.143,0.001,0.0753106281746836,0.0826103528843191,0.0713638612268129,0.0164105605945459,5.96923802275637e-22,0.000134465013343064,0.0241308028598678
111,"hood",0.451532844993651,41219.879,0.002,0.601891164779319,0.590749387468795,0.517995597590949,0.212992117090049,1.10094551995931e-07,0.030674095555097,0.366736882345205
112,"hopkins",0.249041021890479,32089.388,0.002,0.328614615225747,0.32098488872743,0.247825329271539,0.0743401278460757,1.85519997433092e-09,0.00699350283940951,0.17876989561309
113,"houston",1.19148296278973,27704.533,0.001,1.5,1.44188767134859,1.21362313307796,0.514570236835517,1.20224642454547e-05,0.108905368772909,0.959692019208777
114,"howard",0.11780152595323,31681.585,0.001,0.14156863807013,0.140540695887084,0.130283327360117,0.0556903886622993,9.84189352644945e-12,0.00312457704142606,0.0728566910336574
115,"hudspeth",0.0459475621190441,20200.308,0.003,0.0482087964658268,0.0518899017199779,0.0475315018743992,0.0149007271929875,1.15640197210263e-13,0.000614366322388071,0.0217193914929463
116,"hunt",0.273266567057482,34203.694,0.002,0.36258968622293,0.356176762036501,0.283304389339083,0.08695886818547,1.95821787196864e-09,0.00820569113498034,0.202156856791097
117,"hutchinson",0.082496340366922,38271.113,0.001,0.0880712175785998,0.0935160733442735,0.0659017537883788,0.00763253875728272,1.31930478246652e-34,1.66533092614473e-05,0.0251367817434815
118,"irion",0.0569964175461319,35015.407,0,0.0683396967090948,0.0662253575098332,0.0637470603947327,0.0334774317376394,1.06229577415925e-09,0.00265678544909191,0.0369353099504754
119,"jack",0.157919374503836,29952.884,0.001,0.214880730525419,0.212451118511714,0.176104280897306,0.0597308789681684,1.97978433937037e-10,0.00460336330132173,0.113589430877765
120,"jackson",0.737396232044542,31549.039,0.001,0.927733668405863,0.870089555340633,0.813932451006542,0.491973653627602,0.00319764578091131,0.207670255895662,0.741770667940855
121,"jasper",0.891204162018178,31442.564,0.001,1.03900805592717,0.998550216807063,0.837785783876095,0.349300189261044,1.50243117435862e-05,0.0722713130666273,0.669741985568751
122,"jeff davis",0.039351469265568,27350.9,0.002,0.025720391615052,0.028865552546666,0.0293862491124338,0.008842650922194,1.30693940807941e-16,0.000112393774734101,0.00820445321212977
123,"jefferson",0.951765819769868,38390.058,0.002,1.09660057306896,1.06029259153016,0.936499276224942,0.448122669242254,0.000874678252858988,0.158265282784505,0.780881135967118
124,"jim hogg",0.433458818828568,30523.345,0.001,0.576065061451733,0.552249371968701,0.559955646992197,0.473081980506401,0.0210099504090764,0.246157766961874,0.474941329831815
125,"jim wells",0.762433894353029,31942.515,0.002,0.998886579021305,0.948380593718248,0.949706364251897,0.746117072791958,0.0272199813195195,0.381908076638441,0.832207436790879
126,"johnson",0.717748997801013,34419.594,0.001,0.965980809369734,0.949892525522519,0.816325580309092,0.324786198712007,1.32133284244223e-07,0.0439564699052114,0.580856477367092
127,"jones",0.287444319993841,26605.128,0.001,0.389819612234847,0.384719571511144,0.342004363199579,0.143281617766185,2.96134612904412e-10,0.0114269073922759,0.219670857723061
128,"karnes",0.53456364939847,23386.032,0.001,0.725059564119422,0.681536370411393,0.672435120589502,0.482257007564706,0.00344665353754656,0.182148104074804,0.576393305309605
129,"kaufman",0.666585957871511,34862.068,0.001,0.894910382756088,0.882153861342189,0.736408065899179,0.269906117442325,9.94443751292762e-08,0.0329128008967885,0.541931651633889
130,"kendall",0.387194827353562,50361.135,0.005,0.433649020805192,0.405370887581147,0.380815492025311,0.217477018991731,9.65348278607291e-06,0.0318104916544389,0.268997326941304
131,"kenedy",0.681786987849337,33857.084,0.002,0.872181788953448,0.835116661609392,0.815012399126,0.637796147791171,0.0579335540685776,0.403256182621522,0.745887923282033
132,"kent",0.0708831393833721,31557.87,0.001,0.0912782788087748,0.0903182601874801,0.0776235601997344,0.0281596041017266,2.90062630632125e-12,0.00163312746682729,0.0479634673718103
133,"kerr",0.1141594561263,45787.499,0.002,0.120317509587267,0.111754814076156,0.10819318574243,0.060741557306648,3.68711357583259e-07,0.00613369889420251,0.0670131946517272
134,"kimble",0.0831038693838184,28543.713,0.001,0.0965147142824482,0.0920424845287304,0.088261497930571,0.0495110180133809,7.85240151770783e-08,0.00458915229143917,0.0536674931506293
135,"king",0.093689619353361,31677.361,0,0.123678065208994,0.12277122952901,0.105834622750542,0.0373019967332767,3.69071991568005e-12,0.00233191441637287,0.0652974966364458
136,"kinney",0.19957976862592,26288.154,0.001,0.273043367762575,0.266671214568423,0.268884516758878,0.209949701912685,0.000255381733948032,0.058316794556535,0.209181057419532
137,"kleberg",0.6474204839432,32164.357,0.004,0.835993070318678,0.795422244800076,0.781133180637684,0.588510229437505,0.0397576614265006,0.367834440563878,0.713868496707164
138,"knox",0.299325616051015,31949.217,0.001,0.402913522471461,0.401090111388828,0.354260432609179,0.12860407030454,9.97115973268312e-12,0.00831095804354146,0.22173119978011
139,"lamar",0.345858262391371,31545.129,0.002,0.452535768908978,0.440807935169283,0.325019904526534,0.0831338672243621,8.29750131299274e-11,0.00542184965826824,0.216628691405539
140,"lamb",0.0789092649040729,30816.518,0.001,0.0681440939027689,0.0747082026100046,0.0614950725394931,0.0108184181219552,7.24543248008749e-28,3.70404574084953e-05,0.0187623017827705
141,"lampasas",0.208566694540238,38899.887,0.002,0.269960492763219,0.261670722609596,0.231455748498466,0.123839168619773,6.11730095660105e-07,0.0179200940305211,0.171080509687961
142,"la salle",0.356302735733597,22318.633,0.001,0.495269819625234,0.48636382415359,0.491898848222986,0.412837038941114,0.00621209644220123,0.174713851346286,0.417021049254546
143,"lavaca",0.790543921608534,37669.234,0.001,1.00962503732476,0.949908808381329,0.895011797320583,0.55029122540258,0.00111426844500185,0.177624904905817,0.772347976142292
144,"lee",0.673846569248561,34266.032,0.001,0.886194870189346,0.852358626619907,0.769823594249598,0.42761363397259,0.000111296395924659,0.110746277258027,0.648478454529527
145,"leon",0.992000611167393,32814.854,0.001,1.2874441298575,1.24059107019146,1.04030568083824,0.44987313456278,8.94395554501187e-06,0.088973894842358,0.828852238555371
146,"liberty",0.983488791756158,34775.061,0.001,1.14672903891943,1.09879841727355,0.965326432889639,0.451117908820774,0.000193169221615488,0.124368214325744,0.781644414984438
147,"limestone",0.697411005786117,30533.134,0.001,0.941459088228764,0.916934551027165,0.77738836168213,0.332554372042975,2.32635203802682e-06,0.0631780018291324,0.6102540441593
148,"lipscomb",0.0887923629701787,35376.368,0,0.0974188741212061,0.100742979267781,0.0651122437720338,0.00597274661478003,4.3551423270744e-37,6.65763245388172e-06,0.0245061375992482
149,"live oak",0.58283896716206,27689.774,0.001,0.787093557182369,0.751314296156436,0.74946126584867,0.581937444457931,0.0109975391726065,0.263104540484979,0.648547923219715
150,"llano",0.219000388889748,35833.169,0.002,0.283349212591045,0.271769268507597,0.248720006728265,0.141887516340276,3.45197929547922e-06,0.025596574785287,0.185513005746233
151,"loving",0.0514017005562222,105121.388,0,0.0579159089630372,0.0584896897653264,0.0575007314366834,0.0318607705158548,2.16208308906644e-09,0.00338643266182461,0.0354203358176153
152,"lubbock",0.170474279938241,36166.065,0.003,0.166139777943272,0.176207103416524,0.15081346935459,0.0367399246414824,2.16113859079908e-20,0.00038315250001264,0.0582043454026074
153,"lynn",0.0955401319654147,38256.088,0.001,0.0981924943482102,0.101866485389697,0.0893850080884313,0.0253151660802055,4.9295319737492e-18,0.000440119288726697,0.037735183072857
154,"mcculloch",0.10036416681327,32054.793,0.001,0.128012082346055,0.123168555358874,0.111148438809673,0.0570905533212153,2.61727390917354e-08,0.00567172567365313,0.0717852513348656
155,"mclennan",0.797148981985448,35331.891,0.004,1.07255179962684,1.05672513304823,0.929362768711474,0.443786183330348,3.62123189104746e-06,0.0833000150933719,0.73329592755735
156,"mcmullen",0.398661066274514,34173.419,0.001,0.535908498807548,0.516397260096836,0.518727070585878,0.422057361435953,0.00739712864271863,0.182732620278841,0.443515585428299
157,"madison",1.0676513934447,30120.416,0.002,1.37898349848154,1.32425414795184,1.12573541925449,0.519376554515573,2.52790060094089e-05,0.117320900599044,0.921351839947605
158,"marion",0.799423994158073,27655.783,0.002,1.00486779410221,0.969643425908153,0.754697324979841,0.239223046243663,9.88555246463482e-08,0.0306863928167521,0.565243831397741
159,"martin",0.111254214291016,32901.187,0.001,0.128404668775343,0.130104086749386,0.120855983295174,0.0503770673121859,9.07607158202726e-13,0.00219291018638505,0.0626089625140877
160,"mason",0.0963974548117507,31049.965,0.001,0.12071417701366,0.115327695270689,0.107554341358348,0.0605871215718331,1.98279243656077e-07,0.00745742715606896,0.0704958715647314
161,"matagorda",0.763304923223047,30076.61,0.001,0.918725215507544,0.862304862944889,0.781907074421434,0.430456510361422,0.00726310818432385,0.242717494970667,0.742213151809318
162,"maverick",0.296560029478128,19550.412,0.003,0.413808098807719,0.414274028890476,0.414515222701544,0.353090374189859,0.00221475058502163,0.139976089177783,0.356227044505075
163,"medina",0.464428759743123,30827.667,0.001,0.610675981686653,0.577447869742199,0.569468242679874,0.398299183920757,0.000549515317686311,0.110214475262896,0.443435512997281
164,"menard",0.0696438116157767,30355.349,0.002,0.0828177998929594,0.0792949050039608,0.0739728826168084,0.038738147676069,4.31228624440677e-09,0.00282348040673203,0.0438330670145633
165,"midland",0.0808639793141319,55913.815,0.001,0.0903511855212166,0.0902953006126061,0.08722347484893,0.0396137355942353,5.9110994715306e-12,0.00193619721893493,0.0461568453196042
166,"milam",0.746455879321356,31293.454,0.001,1.00168337208535,0.970333607348555,0.859439809738779,0.450275176794487,3.2314412525581e-05,0.101093820852775,0.709741842098134
167,"mills",0.156864273132421,32333.171,0.001,0.202966156224039,0.195704450827263,0.172398285271376,0.0899724078514803,7.859525590771e-08,0.0100633396515023,0.116451757455196
168,"mitchell",0.116228014993643,22501.696,0,0.147778713406245,0.145600104530727,0.135270437725667,0.0605841092692896,1.06031555991746e-10,0.00423239623882904,0.0809660022279696
169,"montague",0.1663657762889,35305.543,0.001,0.220962378262789,0.219224377196285,0.178069486505976,0.0528618839280092,8.6791853415828e-12,0.00281979769373517,0.107617967517477
170,"montgomery",1.11225651646828,48342.892,0.005,1.31005285722717,1.25532218358274,1.09712938821965,0.521792408075529,0.000142892975914975,0.141148319676594,0.907976517834006
171,"moore",0.0706788767120896,32290.865,0,0.0687267123022908,0.0746548237867605,0.0508579654797562,0.0043767936914667,1.8606910294278e-40,4.56110406459911e-06,0.0165503933708699
172,"morris",0.924806559420565,34005.703,0.001,1.14523355474883,1.09875253705629,0.819550108653231,0.238473786550499,1.36701961855026e-08,0.0239387503530017,0.59835003113237
173,"motley",0.0669921400353416,30948.047,0.001,0.0849677548678367,0.0843829301692286,0.0695969049603744,0.020105013961085,5.63521187975229e-14,0.000828432602417177,0.038914729835881
174,"nacogdoches",0.867378505158182,29418.053,0.005,1.06480315866765,1.02155532429517,0.85213850654198,0.336166957929409,3.23833978302789e-06,0.0643987136725938,0.660867088307554
175,"navarro",0.702241168036244,30417.098,0.002,0.95561574170094,0.935344940331823,0.785074140537699,0.312444237602604,8.16324032851693e-07,0.0506669744574119,0.602291880278707
176,"newton",0.834325903864275,25354.675,0.001,0.984006070294071,0.948981843140621,0.799464069719346,0.330324387846662,1.21509916699655e-05,0.066484126655815,0.624457339538152
177,"nolan",0.110418175516566,32907.945,0.001,0.131686256590165,0.128383317887284,0.114044446406,0.0439870862100033,2.36928598628351e-12,0.00207075896061072,0.0642929869055504
178,"nueces",0.742353702175921,39048.436,0.004,0.951564994654858,0.907851264554207,0.890873721473478,0.651075633770528,0.0346997113395107,0.399263940243444,0.816871847803901
179,"ochiltree",0.0918976399220073,43651.808,0.001,0.0953723456744855,0.101832011429842,0.0668328606220045,0.00515513664700534,2.7801265740406e-41,4.53935176732423e-06,0.0235337267185338
180,"oldham",0.0321799837591793,29328.097,0.001,0.031294160380617,0.0344148552115993,0.0245395118683269,0.00281178226084055,4.43833735693911e-34,6.08171461700066e-06,0.00826256488592518
181,"orange",1.06688107444346,34474.34,0.001,1.21833165259595,1.18715317515774,1.04401333278168,0.497790117260615,0.00023054657104,0.126811523591275,0.828024832235827
182,"palo pinto",0.185243602293044,34030.246,0.002,0.24951777549536,0.246792428427941,0.214459521764514,0.0845386651693264,6.58566782209996e-09,0.00959508362206003,0.14330283865305
183,"panola",0.503207253863342,34402.214,0.001,0.616067922473637,0.594707932327747,0.472074572247208,0.168496341864476,4.92675841347327e-07,0.02760336791666,0.367084923717237
184,"parker",0.475107069182111,40126.105,0.002,0.630792303017978,0.620934678006903,0.530201667463258,0.192281750049558,1.50767808672761e-08,0.0225471342035333,0.360783930860261
185,"parmer",0.0975479730662725,32448.509,0,0.0771602330439323,0.086227526952111,0.0664038314379257,0.00739327327974778,1.33429988138418e-37,7.36487510607384e-06,0.017537461470685
186,"pecos",0.0830977738386412,22929.188,0.001,0.0999221745006373,0.100279917554143,0.10102147546723,0.0583417537614008,3.29870127771867e-08,0.00591783733906222,0.0564547420719003
187,"polk",0.826770390088513,36344.089,0.001,0.978994288094546,0.9335869193732,0.795489988713568,0.343361093665758,1.99693732327482e-05,0.0801470544815517,0.639006794885983
188,"potter",0.137410102788204,34635.899,0.001,0.132356243002538,0.142493748407775,0.101334834856169,0.0112840582327884,7.48938893055063e-34,2.24876722860088e-05,0.0346620302213399
189,"presidio",0.0951901497558276,20521.031,0.002,0.0899181561007681,0.0948267765797841,0.0963583364650263,0.0441230695376212,5.51082958092979e-10,0.00275029362618718,0.0433321530453788
190,"rains",0.31993152064563,29009.38,0.001,0.428311815905925,0.413472568837975,0.326415406129557,0.103497882812723,1.25319665164156e-08,0.0119763045164011,0.244770387947924
191,"randall",0.0832486824900075,40263.824,0.001,0.0733987095866592,0.0785327167506386,0.0557177387972417,0.00566760905162487,4.96350661683467e-38,6.85954997634497e-06,0.0167451423900321
192,"reagan",0.0523823060139502,35668.121,0,0.0623670953501186,0.0607849189474184,0.0590188390458604,0.0306317831296936,3.6152066473106e-10,0.00212545537362838,0.0330297267927444
193,"real",0.167224369520693,29810.288,0.001,0.184085739331275,0.173309541378699,0.173385914000021,0.105880079237318,2.40758986086256e-06,0.0122707670240818,0.105668154721686
194,"red river",0.398162106092403,28005.577,0.001,0.506305830401299,0.487382799086239,0.347752480057532,0.0823110197389067,3.76667475492828e-11,0.00491376612516534,0.237892249606044
195,"reeves",0.0572436517164142,24727.84,0.001,0.0760784301381579,0.0771991488578283,0.0766513694972814,0.0460880432570574,5.22965339572448e-08,0.00632549427036442,0.0472826315463365
196,"refugio",0.674446130191598,36019.726,0.001,0.83626998367651,0.785873719809831,0.741984393134168,0.461589033935076,0.0175085073716341,0.292271923505471,0.699978456393271
197,"roberts",0.0944374563070325,36997.3,0,0.101660282352698,0.105300356593304,0.0701215777682404,0.0067916063185102,9.38163523288027e-33,1.49170104801694e-05,0.0273682198577881
198,"robertson",0.795107129206496,33302.293,0.002,1.0427685872874,1.01226737634458,0.872507004217234,0.415172001753683,1.46552808290391e-05,0.0865389309364378,0.701304280083304
199,"rockwall",0.645674226483675,48736.089,0.003,0.847318863103679,0.834846859114831,0.695249935035289,0.238394581484186,2.23689731065913e-08,0.0262054941712224,0.499855143246032
200,"runnels",0.242628695926567,28762.953,0.001,0.311644975443522,0.301967369434412,0.273937260149621,0.131955891537001,2.88020826653856e-09,0.0108941761080677,0.173117327091833
201,"rusk",0.639039441124477,31786.579,0.001,0.779203661108679,0.74900508314016,0.595675378108795,0.214156049454692,4.21151839652543e-07,0.032377775822313,0.457341318633835
202,"sabine",0.578751901141269,32382.694,0.002,0.678673882674499,0.652800324995976,0.528926122419858,0.196145009582935,1.46926542764747e-06,0.0348517000307564,0.422219711700055
203,"san augustine",0.563916937868454,29366.742,0.002,0.672031882823898,0.642442176826404,0.533439979245154,0.20114903522517,1.6799689224695e-06,0.0365542206655276,0.418967752897953
204,"san jacinto",0.973175011129718,32340.16,0.001,1.17435563396923,1.1144087230317,0.96000973120901,0.429526598542783,5.12190489370742e-05,0.109567538992281,0.783023980553227
205,"san patricio",0.789906069184226,32707.845,0.001,1.02084473188132,0.969487336664481,0.938650442336785,0.66021050839364,0.0314139806871949,0.397898932943948,0.864376910129441
206,"san saba",0.14615466420375,29705.998,0.001,0.19131332858101,0.182274177170588,0.163584421516285,0.0888955219801411,2.24476887683702e-07,0.0115435831297163,0.112833315507236
207,"schleicher",0.0660037445242429,28522.133,0.001,0.0768214402990775,0.0740282252920646,0.0715831657496745,0.0378872878850818,2.518156632551e-09,0.00284472809527781,0.041479296278959
208,"scurry",0.109661730159307,41642.042,0.001,0.133117646359364,0.13150774536093,0.116467967907329,0.043819643513976,3.61181957149653e-12,0.0023121593313238,0.0667598221042466
209,"shackelford",0.0916589689418272,39568.219,0.001,0.119213926664213,0.117840013392898,0.103031512443021,0.0392245037600253,1.82101926197236e-10,0.00306835535752392,0.0637554127020833
210,"shelby",0.515066341905597,31751.77,0.002,0.620576511278269,0.595023869056768,0.481445687357447,0.176737442147889,7.89787823411635e-07,0.0299603618619704,0.375160198785428
211,"sherman",0.104589914558623,65676.248,0.001,0.094300176814917,0.105357723890697,0.0681984595490965,0.00419694478173551,1.04206755732346e-48,1.7458802777507e-06,0.0200875723271209
212,"smith",0.604191912250346,41816.533,0.003,0.748347049822341,0.715084897337178,0.551156095011961,0.181172728740775,1.34265743223619e-07,0.023936831212823,0.422512001793644
213,"somervell",0.33075425607585,36558.044,0.002,0.446589309937514,0.441511378129271,0.393345627536942,0.17331573081983,2.66458358301223e-07,0.0278003943708789,0.282155798956625
214,"starr",0.653994239378107,16169.121,0.004,0.919244716292545,0.901429616794023,0.901654278948735,0.797890533041457,0.0613909154853419,0.475883105465829,0.805300674622436
215,"stephens",0.0863376318904681,32700.243,0.001,0.115644677363152,0.114572135230798,0.098640444508652,0.0385611534586006,4.29520256010689e-10,0.00333758283906707,0.0638309886657955
216,"sterling",0.0688041720965025,26094.714,0.001,0.0843364855558167,0.0823079164600287,0.0769133035257078,0.0364121330106719,4.01236658873213e-11,0.00225387271353796,0.0439451786581728
217,"stonewall",0.15018488480367,44391.869,0.001,0.195085955213442,0.192071862077011,0.172321542371414,0.0654799544559466,2.57528302403412e-11,0.00480618385153921,0.109989733019163
218,"sutton",0.0952716072023832,36319.09,0,0.111288608971525,0.106191011033953,0.104128542136518,0.0602282661653627,4.44768352156233e-08,0.00560917669342608,0.0624852443174393
219,"swisher",0.117985684954242,40113.144,0.001,0.105933817345738,0.110996118743017,0.0851901527733216,0.0118132593819989,4.99714901150804e-31,2.98613653081642e-05,0.0277297215410193
220,"tarrant",0.782076019652114,45795.762,0.024,1.03576947577288,1.0293031626031,0.881190285237385,0.320165641795725,5.8762246726764e-08,0.0402085335339946,0.619416716226174
221,"taylor",0.156097407212512,37746.569,0.002,0.19358120992267,0.187685369284284,0.163118035600684,0.0642422249679444,4.54438683989301e-11,0.00368425599209599,0.0961833881521653
222,"terrell",0.106792607123357,28615.174,0,0.138755338709175,0.135088374835077,0.137198204474557,0.0936572374565455,1.46793734101776e-06,0.0144047831862512,0.0923376480310275
223,"terry",0.123215542682465,35735.737,0,0.120679724661509,0.129378925082621,0.116309592343337,0.0330605654709773,4.48817292220493e-18,0.000508811978740509,0.0443025473103138
224,"throckmorton",0.140620785552692,38185.667,0.001,0.186964237737948,0.184338655315777,0.161278003456022,0.0579603204838692,3.57411167617023e-11,0.00401470829959385,0.101517382625409
225,"titus",0.463692454066717,33872.766,0.002,0.589811089195578,0.565902562674498,0.419682595006168,0.119435873370027,1.71168674953678e-09,0.00906084162751884,0.297205371183746
226,"tom green",0.189094863857759,37404.33,0.002,0.233573933743493,0.22741425872065,0.215385584517494,0.112632677997284,8.10629669035136e-09,0.00983472411980625,0.130898089854898
227,"travis",0.774663451168076,49795.342,0.086,0.996793533494108,0.948321536084082,0.886023925176869,0.535010823673018,0.000118449678986284,0.129544124366513,0.734641660098114
228,"trinity",1.01631054391541,28419.215,0.001,1.2323122422284,1.17874589451263,0.99805609675778,0.410987138601091,8.20244322205068e-06,0.0862976098099134,0.785530032395426
229,"tyler",0.826392285317052,29411.618,0.001,0.975098735329906,0.934045259793454,0.800996402719708,0.340845941067525,1.81736874315141e-05,0.0765715928068543,0.635013047293678
230,"upshur",0.403325562676652,31902.837,0.001,0.501636747867481,0.48329936251373,0.370716880643554,0.119266270718156,4.23992910367281e-08,0.0141344014002735,0.280045463696667
231,"upton",0.104807300155149,34266.153,0.001,0.126593367705435,0.124825966338806,0.121958873229548,0.0628459377914486,5.78329031362678e-10,0.00445966306662313,0.0682564083293989
232,"uvalde",0.288332946954729,30054.676,0.001,0.385447606531608,0.363517900668237,0.367386586809789,0.273687204586314,0.000376816207014709,0.0726313860104607,0.28203930827675
233,"val verde",0.212986102549185,29437.07,0.001,0.290037777525834,0.284274540594707,0.284597754239652,0.209780394820878,3.46488858501871e-05,0.0477249962837365,0.213503972586131
234,"van zandt",0.498919347143396,36728.742,0.001,0.652895951527991,0.634935852915988,0.508484396251844,0.179247317361033,1.8820003758311e-07,0.0257062125077306,0.390537308046225
235,"victoria",0.781910230563327,40477.419,0.001,0.976756106428419,0.918568939191406,0.872914894010198,0.536014404154043,0.00474660029181035,0.234065343614865,0.777487547684147
236,"walker",1.02692442810912,24533.569,0.003,1.30237229959655,1.24617026451576,1.06616886839093,0.503981895179016,4.17474441287205e-05,0.120350555341319,0.877007650810722
237,"waller",1.18877837885369,35835.818,0.002,1.46921781931443,1.38706934104881,1.25072199727118,0.633309294845054,0.000240938994729317,0.175051905160163,1.03671448592606
238,"ward",0.0659347758906064,30477.983,0.001,0.0878957968486647,0.0889269669513841,0.0876359007370149,0.0545632158312355,4.15406834921841e-08,0.00779834328015821,0.0570958902770779
239,"washington",0.834916025220196,42232.654,0.002,1.04823389848038,1.00427194496106,0.892431826759443,0.468681154702534,0.000114432017176197,0.118516895983238,0.743573997237999
240,"webb",0.446988963239014,25228.008,0.004,0.614192472347725,0.604620073453225,0.610643812216763,0.530547739471376,0.0109822213606215,0.238462343208985,0.513961855636249
241,"wharton",0.888650028290978,34499.469,0.001,1.09461785395895,1.02278660675492,0.938862636579603,0.522497868840861,0.00151150278535034,0.202412548085073,0.840266420154492
242,"wheeler",0.132537850946916,49751.201,0.001,0.14753569628902,0.149158222353879,0.104473889868799,0.01331658039193,3.08723874065171e-26,6.74362993568381e-05,0.043643140641612
243,"wichita",0.4137294392154,38615.389,0.003,0.553632577342065,0.548378864656564,0.465860898460795,0.140014195684423,4.26276614245365e-13,0.00584969161177477,0.27648809956101
244,"wilbarger",0.190485255308321,34673.94,0.002,0.255595887197285,0.254706680673879,0.220109948930022,0.0677840026151852,1.44502552010905e-13,0.00323530250169026,0.133232370415821
245,"willacy",0.735030125900297,23731.189,0.002,0.945463112916338,0.907006001438298,0.864364422118501,0.671943410778961,0.0912550351871066,0.482786078260091,0.837391921657454
246,"williamson",0.818813557778786,41352.419,0.005,1.06773644893202,1.02908280370848,0.941205027821668,0.525593287089509,4.27240210771173e-05,0.118735981958316,0.766001744373391
247,"wilson",0.47491276070772,34087.174,0.001,0.626317341991619,0.59835139867798,0.582706981623725,0.394044469256044,0.00144047091915757,0.136437471993157,0.491219934979199
248,"winkler",0.089879246145335,33086.559,0,0.111883299415776,0.113072528009804,0.110292634678082,0.0559367587159682,5.01842969004236e-10,0.00503538326275827,0.064097541765849
249,"wise",0.296594092257845,33480.143,0.001,0.399711705447155,0.397538530513633,0.333930807261921,0.11617128499097,2.48167613138721e-09,0.0114599268548122,0.223235090455269
250,"wood",0.338039035400437,30864.8,0.001,0.42979574743535,0.411891593030583,0.313472515458355,0.0957231499841293,1.52914797371253e-08,0.0103654524669279,0.236950805249261
251,"yoakum",0.108434898853926,40546.678,0,0.0984527514475785,0.10597466466373,0.0945878350697189,0.0240213088795175,5.88695800556521e-20,0.000274229484257661,0.0331020984497671
252,"young",0.229076670985572,41095.76,0.001,0.303664676425947,0.298606283410445,0.258408014202541,0.0906125624834606,2.26304996913845e-10,0.00659747995015467,0.163366705116144
253,"zapata",0.482567517811363,19915.564,0.003,0.674556273822865,0.669947011419518,0.672376699464914,0.607903993031142,0.029402633092256,0.32694218793033,0.585779075250984
254,"zavala",0.271153493761073,19402.465,0.002,0.379824775073511,0.374004395941058,0.377146025974397,0.308330186247346,0.00175973799029991,0.113635591165464,0.316055798726282
